<grammar version="1.0" xml:lang="fr-FR" mode="voice" root="ruleenvoisms" xmlns="http://www.w3.org/2001/06/grammar" tag-format="semantics/1.0">
  <rule id="ruleenvoisms" scope="public">
    <example>Sarah envoie un texto</example>
    <tag>out.action=new Object(); </tag>
    <item weight="2">Sarah</item>
	<one-of>
	<item>envoie ce texto à Julien<ruleref special="GARBAGE" /><tag> out.action.destinataire="julien";out.action._attributes.dictation="true"; </tag></item>
	</one-of>
    <tag>out.action._attributes.uri="http://127.0.0.1:8080/sarah/envoisms";</tag>
  </rule>
</grammar>
